{"death_to_drop": 6.8876444007797835, "para_to_drop": 6.401912607695599, "drop_to_drop": 2.9388538710336003, "exer_to_work": 1.1415769827499216, "work_to_work": 1.0}