{"death_to_drop": 6.887644400779784, "para_to_drop": 6.4019126076956026, "drop_to_drop": 2.9388538710336003, "exer_to_work": 1.1415769827499216, "work_to_work": 1.0}